arasaacId,lemma,label,pos,lang,category,core,rationale
6632,io,io,MISC,it,persone,true,Subject pronoun, sentence engine requires it; pronoun, not proper name
6625,tu,tu,MISC,it,persone,true,Subject pronoun for addressing partner; pronoun despite ARASAAC type 1
6480,lui,lui,MISC,it,persone,true,Third-person masculine subject pronoun, engine requirement; pronoun not proper name
7028,lei,lei,MISC,it,persone,true,Third-person feminine subject pronoun, engine requirement; pronoun not proper name
7183,noi,noi,MISC,it,persone,true,First-person plural subject pronoun, engine requirement; pronoun not proper name
7304,voi,voi,MISC,it,persone,true,Second-person plural subject pronoun, engine requirement; pronoun not proper name
7032,loro,loro,MISC,it,persone,true,Third-person plural subject pronoun, engine requirement; pronoun not proper name
2458,mamma,mamma,NOUN,it,persone,false,Most-requested person word in child AAC use
2497,papà,papà,NOUN,it,persone,false,Primary caregiver, daily requests and comments
2243,nonna,nonna,NOUN,it,persone,false,Frequent caregiver in Italian families
2244,nonno,nonno,NOUN,it,persone,false,Frequent caregiver in Italian families
2423,fratello,fratello,NOUN,it,persone,false,Immediate family member, daily household talk
2422,sorella,sorella,NOUN,it,persone,false,Immediate family member, daily household talk
30255,zio,zio,NOUN,it,persone,false,Common extended-family figure, visits and stories
30271,zia,zia,NOUN,it,persone,false,Common extended-family figure, visits and stories
30340,cugino,cugino,NOUN,it,persone,false,Peer relative, frequent playmate in Italian families
2392,famiglia,famiglia,NOUN,it,persone,false,Groups all relatives, useful when name unknown
2485,bambino,bambino,NOUN,it,persone,false,Generic child reference for peers and self
2484,bambina,bambina,NOUN,it,persone,false,Feminine child reference for peers and self
2275,neonato,neonato,NOUN,it,persone,false,Talking about baby siblings, common life event
8487,amico,amico,NOUN,it,persone,false,Key social relationship word at school and home
8486,amica,amica,NOUN,it,persone,false,Feminine friend, key social relationship word
2456,maestra,maestra,NOUN,it,persone,false,Daily school communication partner
2467,dottore,dottore,NOUN,it,persone,false,Frequent medical appointments for AAC users
2375,infermiera,infermiera,NOUN,it,persone,false,Regular healthcare contact for many AAC users
2454,logopedista,logopedista,NOUN,it,persone,false,Weekly therapy figure for most AAC users
4665,uomo,uomo,NOUN,it,persone,false,Generic adult male reference for strangers
4703,donna,donna,NOUN,it,persone,false,Generic adult female reference for strangers
5441,volere,volere,VERB,it,azioni,true,Modal of desire; the single most used AAC request word
35949,potere,potere,VERB,it,azioni,true,Modal of ability/permission; core sentence builder
15523,dovere,dovere,VERB,it,azioni,true,Modal of obligation; ARASAAC types it noun, used as verb
5465,essere,essere,VERB,it,azioni,true,Copula; essential grammatical glue for any sentence
7271,avere,avere,VERB,it,azioni,true,Possession and auxiliary; high-frequency across all contexts
11749,fare,fare,VERB,it,azioni,true,Generic do/make; covers countless everyday constructions
8142,andare,andare,VERB,it,azioni,true,Movement toward; requesting places and transitions daily
11708,venire,venire,VERB,it,azioni,false,Calling someone over; complements andare
6456,mangiare,mangiare,VERB,it,azioni,true,Basic need; among the first requested actions
6061,bere,bere,VERB,it,azioni,true,Basic need; daily drink requests
6479,dormire,dormire,VERB,it,azioni,false,Daily routine and tiredness expression
6537,giocare,giocare,VERB,it,azioni,true,Primary leisure request for children and adults
16907,guardare,guardare,VERB,it,azioni,true,Directs attention; requesting TV, books, joint attention
2381,ascoltare,ascoltare,VERB,it,azioni,false,Music requests and attention directives
6517,parlare,parlare,VERB,it,azioni,false,Metacommunication; asking to talk or be talked to
28431,dare,dare,VERB,it,azioni,true,Transfer requests; dammi is constant daily speech act
6453,prendere,prendere,VERB,it,azioni,false,Getting objects; complements dare
6989,mettere,mettere,VERB,it,azioni,false,Placing objects; frequent in routines and instructions
24825,aprire,aprire,VERB,it,azioni,false,Doors, boxes, bottles; constant assistance request
24976,chiudere,chiudere,VERB,it,azioni,false,Opposite of aprire; equally frequent request
34826,lavare,lavare,VERB,it,azioni,false,Hygiene routine verb; spec maps lavarsi to lavare
2781,vestirsi,vestirsi,VERB,it,azioni,false,Dressing routine; spec maps vestirsi to vestire
32648,aiutare,aiutare,VERB,it,azioni,true,Help request; critical safety and autonomy word
5358,finire,finire,VERB,it,azioni,true,Marking task end; regulates transitions and refusals
16697,aspettare,aspettare,VERB,it,azioni,false,Self-regulation and turn-taking staple
6457,comprare,comprare,VERB,it,azioni,false,Shopping context; community participation verb
7141,leggere,leggere,VERB,it,azioni,false,School and leisure activity request
2380,scrivere,scrivere,VERB,it,azioni,false,Core school task verb
8088,disegnare,disegnare,VERB,it,azioni,false,Favorite activity request at home and school
6960,cantare,cantare,VERB,it,azioni,false,Music play; frequent preferred activity
6044,camminare,camminare,VERB,it,azioni,false,Basic mobility verb for outings and therapy
6465,correre,correre,VERB,it,azioni,false,Playground and movement vocabulary
6611,sedersi,sedersi,VERB,it,azioni,false,Daily positioning instruction; reflexive keyword, lemma per spec
6548,alzarsi,alzarsi,VERB,it,azioni,false,Getting up routine; reflexive keyword, lemma per spec
6898,amare,amare,VERB,it,azioni,false,Expressing affection to family and friends
37826,piacere,piacere,VERB,it,azioni,true,Preference expression; drives choice-making daily
30194,sentire,sentire,VERB,it,azioni,false,Perception and feelings; health context reporting
6564,vedere,vedere,VERB,it,azioni,false,Perception verb; wanting to see something
6019,capire,capire,VERB,it,azioni,false,Comprehension repair; only pictogram, idea-themed but clear
16885,sapere,sapere,VERB,it,azioni,false,Knowledge claims; pictogram shows raised hand, school sense
9693,dire,dire,VERB,it,azioni,false,Reporting speech; high-frequency communication verb
9847,chiedere,chiedere,VERB,it,azioni,false,Asking questions; pragmatic skill scaffold
9031,rispondere,rispondere,VERB,it,azioni,false,Conversation and school participation verb
6947,cercare,cercare,VERB,it,azioni,false,Looking for lost objects; daily problem solving
24742,trovare,trovare,VERB,it,azioni,false,Completes cercare; reporting outcomes
6553,portare,portare,VERB,it,azioni,false,Fetch requests; portami is frequent daily need
39414,tenere,tenere,VERB,it,azioni,false,Holding objects; caregiving and play interactions
6215,lasciare,lasciare,VERB,it,azioni,false,Letting go, leave-me alone; protest function
6607,saltare,saltare,VERB,it,azioni,false,Gross-motor play; trampoline and games
6052,ballare,ballare,VERB,it,azioni,false,Preferred activity; music and movement
6568,nuotare,nuotare,VERB,it,azioni,false,Pool activity; common therapy and leisure context
2795,salire,salire,VERB,it,azioni,false,Stairs, vehicles; mobility instruction
2654,scendere,scendere,VERB,it,azioni,false,Opposite of salire; mobility instruction
2742,entrare,entrare,VERB,it,azioni,false,Transitions between places; daily routine
2806,uscire,uscire,VERB,it,azioni,false,Requesting to go out; strong motivator
5431,cominciare,cominciare,VERB,it,azioni,false,Activity start marker; pairs with finire
7196,fermare,fermare,VERB,it,azioni,false,Stop function; protest and safety
8555,accendere,accendere,VERB,it,azioni,false,Lights and devices; constant home request
20093,spegnere,spegnere,VERB,it,azioni,false,Turning off devices; sensory regulation too
6604,rompere,rompere,VERB,it,azioni,false,Reporting broken things; frequent child narration
3351,pulire,pulire,VERB,it,azioni,false,Chores and hygiene routine verb
2342,cucinare,cucinare,VERB,it,azioni,false,Kitchen routine; shared activity request
2547,tagliare,tagliare,VERB,it,azioni,false,Food prep and crafts; assistance request
3293,toccare,toccare,VERB,it,azioni,false,Sensory exploration and non toccare boundary
6062,baciare,baciare,VERB,it,azioni,false,Affection exchange with family
6023,abbracciare,abbracciare,VERB,it,azioni,false,Requesting hugs; emotional regulation
7147,piangere,piangere,VERB,it,azioni,false,Emotion reporting for self and others
13354,ridere,ridere,VERB,it,azioni,false,Positive emotion sharing and narration
6552,gridare,gridare,VERB,it,azioni,false,Behavior talk; covers urlare too
37369,ricordare,ricordare,VERB,it,azioni,false,Memory talk; key for aphasia users
26258,dimenticare,dimenticare,VERB,it,azioni,false,Explaining forgotten items or steps
8029,imparare,imparare,VERB,it,azioni,false,School context; talking about new skills
6495,studiare,studiare,VERB,it,azioni,false,Homework routine verb for students
6624,lavorare,lavorare,VERB,it,azioni,false,Adult daily life; where family members are
16643,riposare,riposare,VERB,it,azioni,false,Requesting breaks; fatigue management for ALS users
8989,svegliarsi,svegliarsi,VERB,it,azioni,false,Morning routine anchor verb
4691,telefonare,telefonare,VERB,it,azioni,false,Requesting calls to family; social lifeline
9014,pagare,pagare,VERB,it,azioni,false,Shopping script; community autonomy
8661,pensare,pensare,VERB,it,azioni,false,Mental state talk; opinions and reflection
6067,cadere,cadere,VERB,it,azioni,false,Reporting falls; safety and health critical
16713,fare pipì,fare pipì,VERB,it,azioni,false,Bathroom need; among most urgent daily requests
3428,fare la cacca,fare la cacca,VERB,it,azioni,false,Bathroom need; dignity-critical request
2326,lavare i denti,lavare i denti,VERB,it,azioni,false,Twice-daily hygiene routine step
32464,acqua,acqua,NOUN,it,cibo,true,Most requested drink; vital daily need
2445,latte,latte,NOUN,it,cibo,true,Daily breakfast drink, high-frequency child request
11461,succo,succo,NOUN,it,cibo,false,Common drink request; covers succo di frutta
2429,tè,tè,NOUN,it,cibo,false,Common hot drink for adults and children
2494,pane,pane,NOUN,it,cibo,true,Italian staple present at every meal
8652,pasta,pasta,NOUN,it,cibo,true,Default Italian lunch; daily request word
2527,pizza,pizza,NOUN,it,cibo,false,Highly motivating, frequent favorite food
39387,riso,riso,NOUN,it,cibo,false,Common staple dish; food sense pictogram
2281,panino,panino,NOUN,it,cibo,false,Everyday snack and lunch option
2316,carne,carne,NOUN,it,cibo,false,Basic meal component, menu choice word
4952,pollo,pollo,NOUN,it,cibo,false,Most common meat served to children
6502,pesce,pesce,NOUN,it,cibo,false,Weekly meal item; food-sense pictogram chosen
2963,prosciutto,prosciutto,NOUN,it,cibo,false,Everyday Italian cold cut, sandwich filler
2427,uovo,uovo,NOUN,it,cibo,false,Basic frequent food, simple to request
2541,formaggio,formaggio,NOUN,it,cibo,false,Daily Italian table food
2618,yogurt,yogurt,NOUN,it,cibo,false,Common snack and breakfast item
2573,minestra,minestra,NOUN,it,cibo,false,Typical everyday soup; covers zuppa, brodo
2377,insalata,insalata,NOUN,it,cibo,false,Common side dish, menu choice
5400,patatine fritte,patatine fritte,NOUN,it,cibo,false,Highly motivating favorite; frequent request
8295,biscotto,biscotto,NOUN,it,cibo,true,Top child snack request, strong reinforcer
2502,torta,torta,NOUN,it,cibo,false,Dessert and birthday contexts
35209,gelato,gelato,NOUN,it,cibo,false,Highly motivating treat, frequent request
25940,cioccolato,cioccolato,NOUN,it,cibo,false,Strong reinforcer, common treat request
2686,caramella,caramella,NOUN,it,cibo,false,Frequent treat request from children
2470,marmellata,marmellata,NOUN,it,cibo,false,Breakfast staple, spread choice
2461,burro,burro,NOUN,it,cibo,false,Common table and breakfast item
2328,cereali,cereali,NOUN,it,cibo,false,Common breakfast choice; lexicalized plural
28339,frutta,frutta,NOUN,it,cibo,true,Category word for daily snack requests
2462,mela,mela,NOUN,it,cibo,false,Most common everyday fruit
2530,banana,banana,NOUN,it,cibo,false,Frequent snack fruit, easy to recognize
2483,arancia,arancia,NOUN,it,cibo,false,Common fruit and juice source
2400,fragola,fragola,NOUN,it,cibo,false,Popular fruit and flavor word
2561,pera,pera,NOUN,it,cibo,false,Common everyday fruit
3247,uva,uva,NOUN,it,cibo,false,Common fruit, easy finger food
8303,ciliegia,ciliegia,NOUN,it,cibo,false,Popular seasonal fruit
2557,anguria,anguria,NOUN,it,cibo,false,Summer staple fruit, distinct pictogram
2468,pesca,pesca,NOUN,it,cibo,false,Common fruit; fruit-sense pictogram, not fishing
28343,verdura,verdura,NOUN,it,cibo,false,Category word for vegetables at meals
2594,pomodoro,pomodoro,NOUN,it,cibo,false,Ubiquitous in Italian meals
2503,patata,patata,NOUN,it,cibo,false,Common vegetable, frequent side dish
2619,carota,carota,NOUN,it,cibo,false,Common vegetable, typical child food
25560,zucchero,zucchero,NOUN,it,cibo,false,Table condiment, taste vocabulary
25576,sale,sale,NOUN,it,cibo,false,Table condiment, taste vocabulary
2246,olio,olio,NOUN,it,cibo,false,Italian table essential, condiment request
4626,colazione,colazione,NOUN,it,cibo,false,Daily routine meal, schedule vocabulary
4611,pranzo,pranzo,NOUN,it,cibo,false,Daily routine meal, schedule vocabulary
4592,cena,cena,NOUN,it,cibo,false,Daily routine meal, schedule vocabulary
4694,merenda,fare merenda,NOUN,it,cibo,true,High-frequency child request, daily routine
35559,fame,fame,NOUN,it,cibo,true,Basic need expression, vital daily communication
4963,sete,sete,NOUN,it,cibo,true,Basic need expression, vital daily communication
6964,casa,casa,NOUN,it,casa-oggetti,true,Anchor place word: going home, being home, daily routines
25900,letto,letto,NOUN,it,casa-oggetti,true,Requests sleep and rest, central daily routine
5921,bagno,bagno,NOUN,it,casa-oggetti,true,Critical need word: asking for the toilet
26479,telefono,telefono,NOUN,it,casa-oggetti,true,Requests calls and contact with family
25498,televisione,televisione,NOUN,it,casa-oggetti,true,Very frequent leisure request at home
9813,giocattolo,giocattolo,NOUN,it,casa-oggetti,true,Generic play request covering many toys
24801,scarpe,scarpe,NOUN,it,casa-oggetti,true,Signals going out; daily dressing routine
3129,tavolo,tavolo,NOUN,it,casa-oggetti,false,Mealtime and activity location, used daily
3155,sedia,sedia,NOUN,it,casa-oggetti,false,Sitting requests and mealtime routine
3244,porta,porta,NOUN,it,casa-oggetti,false,Open/close requests, transitions between rooms
2611,finestra,finestra,NOUN,it,casa-oggetti,false,Open/close requests, sensory regulation
33070,cucina,cucina,NOUN,it,casa-oggetti,false,Key room, pairs with food requests
28099,tablet,tablet,NOUN,it,casa-oggetti,false,Highly motivating leisure and AAC device request
25191,libro,libro,NOUN,it,casa-oggetti,false,Shared reading, common leisure request
2282,penna,penna,NOUN,it,casa-oggetti,false,Everyday writing/drawing tool request
2475,zaino,zaino,NOUN,it,casa-oggetti,false,School and outing routine object
3241,palla,palla,NOUN,it,casa-oggetti,false,Classic motivating play request
2610,bicchiere,bicchiere,NOUN,it,casa-oggetti,false,Supports drink requests at every meal
2532,piatto,piatto,NOUN,it,casa-oggetti,false,Mealtime object, avoids cymbal homonym 8364
2362,cucchiaio,cucchiaio,NOUN,it,casa-oggetti,false,Daily cutlery, feeding independence vocabulary
2588,forchetta,forchetta,NOUN,it,casa-oggetti,false,Daily cutlery, feeding independence vocabulary
4931,coltello,coltello,NOUN,it,casa-oggetti,false,Completes cutlery set for mealtime
8094,sapone,sapone,NOUN,it,casa-oggetti,false,Handwashing routine, hygiene sequence step
2593,asciugamano,asciugamano,NOUN,it,casa-oggetti,false,Washing and bathing routine object
2694,spazzolino,spazzolino,NOUN,it,casa-oggetti,false,Toothbrushing routine, twice-daily use
2858,dentifricio,dentifricio,NOUN,it,casa-oggetti,false,Pairs with spazzolino in hygiene sequence
2862,carta igienica,carta igienica,NOUN,it,casa-oggetti,false,Toileting independence, frequent bathroom need
17284,fazzoletto,fazzoletto,NOUN,it,casa-oggetti,false,Nose-wiping need, very frequent with children
2522,pigiama,pigiama,NOUN,it,casa-oggetti,false,Bedtime routine dressing object
3296,giacca,giacca,NOUN,it,casa-oggetti,false,Going-out routine, hot/cold communication
3329,occhiali,occhiali,NOUN,it,casa-oggetti,false,Personal daily-worn item, often searched for
2451,chiavi,chiavi,NOUN,it,casa-oggetti,false,Leaving-home routine, frequently requested object
8619,luce,luce,NOUN,it,casa-oggetti,false,On/off requests, sensory comfort at bedtime
25479,divano,divano,NOUN,it,casa-oggetti,false,Main rest and leisure spot at home
2250,cuscino,cuscino,NOUN,it,casa-oggetti,false,Comfort object for sleep and rest
2459,coperta,coperta,NOUN,it,casa-oggetti,false,Warmth/comfort request, bedtime routine
8573,specchio,specchio,NOUN,it,casa-oggetti,false,Grooming routine, self-recognition activities
2370,doccia,doccia,NOUN,it,casa-oggetti,false,Daily washing routine object
3272,frigorifero,frigorifero,NOUN,it,casa-oggetti,false,Where food lives; supports snack requests
2549,orologio,orologio,NOUN,it,casa-oggetti,false,Time talk: when, waiting, schedules
2673,testa,testa,NOUN,it,corpo-salute,false,Parte del corpo base, indica dolore e bisogni
2876,occhio,occhi,NOUN,it,corpo-salute,false,Pittogramma occhi (plurale) piu chiaro; uso quotidiano
2871,orecchio,orecchio,NOUN,it,corpo-salute,false,Localizza dolore (otite) e riferimenti all'udito
2887,naso,naso,NOUN,it,corpo-salute,false,Naso chiuso, soffiare il naso: bisogni frequenti
2663,bocca,bocca,NOUN,it,corpo-salute,false,Legata a mangiare, bere, dolore orale
10267,dente,dente,NOUN,it,corpo-salute,false,Mal di denti e igiene orale quotidiana
2944,lingua,lingua,NOUN,it,corpo-salute,false,Parte del corpo visibile, gusto e articolazione
2727,collo,collo,NOUN,it,corpo-salute,false,Localizza dolore cervicale e mal di gola
2851,capelli,capelli,NOUN,it,corpo-salute,false,Cura personale quotidiana; plurale tantum in italiano
2928,mano,mano,NOUN,it,corpo-salute,false,Parte del corpo piu usata: lavarsi, ferite
2669,braccio,braccio,NOUN,it,corpo-salute,false,Localizza dolore e movimento; pittogramma core ARASAAC
8666,gamba,gamba,NOUN,it,corpo-salute,false,Dolore e mobilita; pittogramma core ARASAAC
25327,piede,piede,NOUN,it,corpo-salute,false,Dolore, scarpe, camminare; pittogramma core ARASAAC
2786,pancia,pancia,NOUN,it,corpo-salute,false,Sede di dolori frequentissimi nei bambini
2748,schiena,schiena,NOUN,it,corpo-salute,false,Dolore comune in adulti con disabilita motorie
5504,male,male,DESCRIPTOR,it,corpo-salute,true,'Fa male/sto male': avverbio nonostante type 2 ARASAAC
2367,dolore,dolore,NOUN,it,corpo-salute,false,Segnalare dolore e vitale e urgente
28651,mal di testa,mal di testa,NOUN,it,corpo-salute,false,Sintomo composto frequentissimo, difficile da mimare
39664,mal di pancia,mal di pancia,NOUN,it,corpo-salute,false,Sintomo quotidiano chiave per bambini non verbali
32530,febbre,febbre,NOUN,it,corpo-salute,true,Sintomo urgente da comunicare; pittogramma core ARASAAC
35585,tosse,tosse,NOUN,it,corpo-salute,false,Sintomo respiratorio comune e riconoscibile
32296,malato,malato,DESCRIPTOR,it,corpo-salute,true,'Sono malato': stato generale, apre richieste di aiuto
8163,medicina,medicina,NOUN,it,corpo-salute,true,Terapie quotidiane; richiedere o rifiutare farmaci
3306,cerotto,cerotto,NOUN,it,corpo-salute,false,Piccole ferite: richiesta concreta e frequente
32051,termometro,termometro,NOUN,it,corpo-salute,false,Routine febbre; pittogramma core ARASAAC
2777,vomitare,vomitare,VERB,it,corpo-salute,false,Sintomo urgente, previene emergenze non comunicate
35533,felice,felice,DESCRIPTOR,it,emozioni,true,Basic positive emotion, needed daily; consistent face set.
35545,triste,triste,DESCRIPTOR,it,emozioni,true,Basic negative emotion, essential for self-report.
35539,arrabbiato,arrabbiato,DESCRIPTOR,it,emozioni,true,Expressing anger prevents behavioral escalation.
35537,stanco,stanco,DESCRIPTOR,it,emozioni,true,Frequent physical state; explains refusals and requests rest.
35535,spaventato,spaventato,DESCRIPTOR,it,emozioni,false,Communicating fear is critical for safety and comfort.
35531,annoiato,annoiato,DESCRIPTOR,it,emozioni,false,Lets user request activity change without acting out.
35529,sorpreso,sorpreso,DESCRIPTOR,it,emozioni,false,Basic emotion, common in social commenting.
35547,contento,contento,DESCRIPTOR,it,emozioni,false,Everyday Italian synonym of felice, very high frequency.
35541,confuso,confuso,DESCRIPTOR,it,emozioni,false,Signals incomprehension; prompts partner to rephrase.
31310,tranquillo,tranquillo,DESCRIPTOR,it,emozioni,false,Calm state; key word in self-regulation routines.
38930,nervoso,nervoso,DESCRIPTOR,it,emozioni,false,Early warning of agitation, supports de-escalation.
36341,preoccupato,preoccupato,DESCRIPTOR,it,emozioni,false,Common adult state; distinct from paura.
5397,bene,bene,DESCRIPTOR,it,emozioni,false,High-frequency core adverb: sto bene, va bene.
35571,paura,paura,NOUN,it,emozioni,false,Ho paura: fixed everyday phrase, safety-relevant.
8020,amore,amore,NOUN,it,emozioni,false,Expressing affection; key for relationships and wellbeing.
6945,bolle,bolle,NOUN,it,scuola-gioco,false,Soap bubbles, highly motivating request word in therapy
4935,costruzioni,costruzioni,NOUN,it,scuola-gioco,false,Building blocks, everyday toy; plural is standard usage
2540,puzzle,puzzle,NOUN,it,scuola-gioco,false,Common structured play activity at school and home
26238,bambola,bambola,NOUN,it,scuola-gioco,false,Everyday pretend-play toy request
2340,macchinina,macchinina,NOUN,it,scuola-gioco,false,Toy car, everyday play request
4608,altalena,altalena,NOUN,it,scuola-gioco,false,Favorite playground request, strong sensory motivator
2859,parco,parco,NOUN,it,scuola-gioco,true,Frequent outing request: andiamo al parco
6935,bicicletta,bicicletta,NOUN,it,scuola-gioco,false,Common outdoor play and leisure activity
2359,quaderno,quaderno,NOUN,it,scuola-gioco,false,Daily school object for writing tasks
2440,matita,matita,NOUN,it,scuola-gioco,false,Basic daily writing tool at school
17016,pastelli,pastelli,NOUN,it,scuola-gioco,false,Colored pencils, covers requested word colori; plural standard
6664,forbici,forbici,NOUN,it,scuola-gioco,false,School scissors pictogram; forbici is everyday plurale tantum
2709,colla,colla,NOUN,it,scuola-gioco,false,Daily craft material for school activities
2348,colorare,colorare,VERB,it,scuola-gioco,false,Daily school and leisure activity verb
24791,musica,musica,NOUN,it,scuola-gioco,true,Top leisure request; also covers canzone (same pictogram)
8089,cartoni animati,cartoni animati,NOUN,it,scuola-gioco,true,Top screen-time request for children; plural is standard
24797,film,film,NOUN,it,scuola-gioco,false,Common leisure request, relevant for adult users too
7190,computer,computer,NOUN,it,scuola-gioco,false,School and adult leisure/work device request
7099,festa,festa,NOUN,it,scuola-gioco,false,Key social event word: birthdays, school parties
25381,regalo,regalo,NOUN,it,scuola-gioco,false,High-interest event word, birthdays and holidays
2339,macchina,macchina,NOUN,it,luoghi-trasporti,true,Most common family transport, requested daily
26654,autobus,autobus,NOUN,it,luoghi-trasporti,true,Everyday public transport, school and therapy commutes
3389,supermercato,supermercato,NOUN,it,luoghi-trasporti,true,Routine shopping destination, anticipates weekly outings
30516,piscina,piscina,NOUN,it,luoghi-trasporti,true,Frequent leisure and therapy activity destination
35695,negozio,negozio,NOUN,it,luoghi-trasporti,false,Generic shop, covers many errand contexts
36205,ospedale,ospedale,NOUN,it,luoghi-trasporti,false,Medical visits, essential for anticipating stressful routines
3313,farmacia,farmacia,NOUN,it,luoghi-trasporti,false,Common errand tied to health needs
3118,chiesa,chiesa,NOUN,it,luoghi-trasporti,false,Weekly family routine for many Italian users
2925,mare,mare,NOUN,it,luoghi-trasporti,false,Major Italian leisure destination, motivating request word
30518,spiaggia,spiaggia,NOUN,it,luoghi-trasporti,false,Concrete summer destination, complements mare
2909,montagna,montagna,NOUN,it,luoghi-trasporti,false,Common trip destination, contrasts with mare
2704,città,città,NOUN,it,luoghi-trasporti,false,Basic place concept, andare in città
2302,strada,strada,NOUN,it,luoghi-trasporti,false,Everyday environment word, road-safety talk
2603,treno,treno,NOUN,it,luoghi-trasporti,false,Common transport, high-interest word for many users
2264,aereo,aereo,NOUN,it,luoghi-trasporti,false,Trips and airplane spotting, motivating vocabulary
2480,moto,moto,NOUN,it,luoghi-trasporti,false,Frequent street vehicle, high-interest for children
6932,barca,barca,NOUN,it,luoghi-trasporti,false,Generic watercraft, holidays and harbor contexts
2580,taxi,taxi,NOUN,it,luoghi-trasporti,false,Alternative transport, useful for adults with aphasia
26925,metropolitana,metropolitana,NOUN,it,luoghi-trasporti,false,Urban daily transport in larger Italian cities
29905,stazione,stazione,NOUN,it,luoghi-trasporti,false,Transit landmark, anticipates train journeys
2499,fermata,fermata,NOUN,it,luoghi-trasporti,false,Bus-stop routine, requesting and anticipating stops
2567,semaforo,semaforo,NOUN,it,luoghi-trasporti,false,Street-crossing safety, concrete daily landmark
2260,ascensore,ascensore,NOUN,it,luoghi-trasporti,false,Daily mobility choice, key for wheelchair users
2379,scala,scala,NOUN,it,luoghi-trasporti,false,Daily mobility, contrasts with ascensore
32408,ristorante,ristorante,NOUN,it,luoghi-trasporti,false,Family outing destination, meal-out requests
32398,bar,bar,NOUN,it,luoghi-trasporti,false,Ubiquitous Italian social stop, breakfast and snacks
32747,adesso,adesso,DESCRIPTOR,it,tempo-natura,true,Temporal core word, anchors requests to the present.
13080,dopo,dopo,DESCRIPTOR,it,tempo-natura,true,Essential for schedules and waiting; adverb despite ARASAAC type 5.
32745,prima,prima,DESCRIPTOR,it,tempo-natura,true,Sequencing events; pairs with dopo in daily routines.
38276,oggi,oggi,DESCRIPTOR,it,tempo-natura,true,Daily time reference for plans and calendars.
38278,domani,domani,DESCRIPTOR,it,tempo-natura,false,Talking about future plans, very frequent daily.
38279,ieri,ieri,DESCRIPTOR,it,tempo-natura,false,Recounting past events, completes the day triad.
26799,giorno,giorno,NOUN,it,tempo-natura,false,Basic time unit; ARASAAC core-vocabulary time pictogram.
7181,notte,notte,NOUN,it,tempo-natura,false,Sleep and bedtime routines; day/night contrast.
25704,mattina,mattina,NOUN,it,tempo-natura,false,Structures daily routine communication.
26716,caldo,caldo,DESCRIPTOR,it,tempo-natura,false,Expressing temperature and discomfort, weather and food.
26865,freddo,freddo,DESCRIPTOR,it,tempo-natura,false,Expressing temperature and discomfort; pairs with caldo.
7252,sole,sole,NOUN,it,tempo-natura,false,Daily weather talk; common noun despite ARASAAC type 1.
3123,pioggia,pioggia,NOUN,it,tempo-natura,false,Frequent weather word affecting daily plans.
3135,neve,neve,NOUN,it,tempo-natura,false,Salient winter weather, high interest for children.
23731,vento,vento,NOUN,it,tempo-natura,false,Completes basic weather set for daily comments.
5604,estate,estate,NOUN,it,tempo-natura,false,Season word for holidays and calendar talk.
5493,inverno,inverno,NOUN,it,tempo-natura,false,Season contrast with estate; clothing and weather contexts.
3057,albero,albero,NOUN,it,tempo-natura,false,Common outdoor referent; ARASAAC core-vocabulary pictogram.
7104,fiore,fiore,NOUN,it,tempo-natura,false,Everyday nature noun, motivating for commenting.
2517,cane,cane,NOUN,it,tempo-natura,false,Most common pet, early-acquired high-interest noun.
7114,gatto,gatto,NOUN,it,tempo-natura,false,Common pet, early-acquired high-interest noun.
5584,sì,sì,SOCIAL,it,sociale,true,Affermazione base; ARASAAC t4 ma è interiezione sociale
5526,no,no,SOCIAL,it,sociale,true,Negazione/rifiuto base; ARASAAC t4 ma interiezione sociale
19524,aiuto,aiuto,NOUN,it,sociale,true,Richiesta di aiuto immediata, vitale per sicurezza
28429,basta,basta!,SOCIAL,it,sociale,true,Protesta/terminazione: unico modo per dire stop
37163,ancora,ancora,DESCRIPTOR,it,sociale,true,Richiesta di ripetizione, tra le parole AAC più usate
5508,più,più,DESCRIPTOR,it,sociale,true,Richiedere quantità maggiore in ogni contesto
6009,ciao,ciao,SOCIAL,it,sociale,false,Saluto universale di apertura conversazione
5896,arrivederci,arrivederci,SOCIAL,it,sociale,false,Chiusura di conversazione e congedo quotidiano
6944,buongiorno,buon giorno,SOCIAL,it,sociale,false,Saluto formale mattutino, routine quotidiana
6942,buonanotte,buona notte,SOCIAL,it,sociale,false,Routine serale, congedo prima di dormire
8128,grazie,grazie,SOCIAL,it,sociale,true,Cortesia fondamentale, usata più volte al giorno
8194,per favore,per favore,SOCIAL,it,sociale,true,Modula ogni richiesta con cortesia
11625,scusa,scusa,SOCIAL,it,sociale,false,Scusarsi/riparare; copre anche mi dispiace
29635,va bene,va bene,SOCIAL,it,sociale,false,Accordo/accettazione; ARASAAC t3 ma formula sociale fissa
7180,non lo so,non lo so,SOCIAL,it,sociale,false,Esprimere incertezza evita risposte forzate
11597,come stai,come stai?,SOCIAL,it,sociale,false,Avvia conversazione, interesse per l'altro
13630,sto bene,sto bene,SOCIAL,it,sociale,false,Risposta standard a come stai
11591,anche io,anche io,SOCIAL,it,sociale,false,Condividere/aderire; sostituisce anche assente
21917,mi piace,mi piace,SOCIAL,it,sociale,false,Commento positivo rapido su qualsiasi cosa
37825,non mi piace,non mi piace,SOCIAL,it,sociale,false,Rifiuto garbato, alternativa a proteste fisiche
6936,benvenuto,benvenuto,SOCIAL,it,sociale,false,Accogliere visitatori, cortesia domestica
13018,auguri,auguri,SOCIAL,it,sociale,false,Feste e complimenti, partecipazione sociale
11627,buon appetito,buon appetito!,SOCIAL,it,sociale,false,Rituale dei pasti, tre occasioni al giorno
4658,grande,grande,DESCRIPTOR,it,descrittori,true,Basic size contrast, used across all contexts daily.
4716,piccolo,piccolo,DESCRIPTOR,it,descrittori,true,Opposite of grande, essential size descriptor.
5521,molto,molto,DESCRIPTOR,it,descrittori,true,Core quantifier; covers 'tanto', requests and intensification.
5546,poco,poco,DESCRIPTOR,it,descrittori,true,Core quantifier, opposite of molto, regulates quantity.
5596,tutto,tutto,DESCRIPTOR,it,descrittori,true,High-frequency quantifier, completion and totality.
29839,niente,niente,DESCRIPTOR,it,descrittori,true,Core negation quantifier, refusing and reporting absence.
17054,altro,altro,DESCRIPTOR,it,descrittori,true,Core word for requesting a different item.
11194,bello,bello,DESCRIPTOR,it,descrittori,false,Everyday positive evaluation, commenting function.
26090,brutto,brutto,DESCRIPTOR,it,descrittori,false,Everyday negative evaluation, opposite of bello.
4581,buono,buono,DESCRIPTOR,it,descrittori,false,Frequent quality judgement, food and behavior.
4690,cattivo,cattivo,DESCRIPTOR,it,descrittori,false,Opposite of buono, protest and evaluation.
11316,nuovo,nuovo,DESCRIPTOR,it,descrittori,false,Distinguishes new items, frequent in daily talk.
11394,vecchio,vecchio,DESCRIPTOR,it,descrittori,false,Opposite of nuovo, describes objects and people.
26172,pulito,pulito,DESCRIPTOR,it,descrittori,false,Hygiene routines, describing clothes and objects.
26459,sporco,sporco,DESCRIPTOR,it,descrittori,false,Reporting mess, requesting cleaning, daily hygiene.
36309,aperto,aperto,DESCRIPTOR,it,descrittori,false,State of doors, containers, shops; daily use.
36311,chiuso,chiuso,DESCRIPTOR,it,descrittori,false,Opposite of aperto, frequent state descriptor.
37850,veloce,veloce,DESCRIPTOR,it,descrittori,false,Regulates pace of activities and movement.
4676,lento,lento,DESCRIPTOR,it,descrittori,false,Opposite of veloce, requests slowing down.
25782,alto,alto,DESCRIPTOR,it,descrittori,false,Basic spatial descriptor, height comparisons.
25839,basso,basso,DESCRIPTOR,it,descrittori,false,Opposite of alto, basic spatial concept.
4637,duro,duro,DESCRIPTOR,it,descrittori,false,Texture descriptor for food and objects.
4578,morbido,morbido,DESCRIPTOR,it,descrittori,false,Texture descriptor, sensory preferences.
10201,dolce,dolce,DESCRIPTOR,it,descrittori,false,Basic taste, expressing food preferences.
4739,salato,salato,DESCRIPTOR,it,descrittori,false,Basic taste, opposite of dolce.
26176,pieno,pieno,DESCRIPTOR,it,descrittori,false,Container state, mealtime and daily routines.
26527,vuoto,vuoto,DESCRIPTOR,it,descrittori,false,Opposite of pieno, reporting finished containers.
4667,uguale,uguale,DESCRIPTOR,it,descrittori,false,Comparison concept, requesting the same thing.
4628,diverso,diverso,DESCRIPTOR,it,descrittori,false,Opposite of uguale; diverso verbatim among keywords.
12264,mio,mio,DESCRIPTOR,it,descrittori,false,Possession claim, high-frequency early-developing word.
12281,tuo,tuo,DESCRIPTOR,it,descrittori,false,Possessive contrast with mio, turn-taking talk.
7095,questo,questo,DESCRIPTOR,it,descrittori,false,Demonstrative for pointing and choosing nearby items.
6906,quello,quello,DESCRIPTOR,it,descrittori,false,Demonstrative for distant items, choice making.
25253,bagnato,bagnato,DESCRIPTOR,it,descrittori,false,Reporting wet clothes, spills, toileting needs.
4736,rotto,rotto,DESCRIPTOR,it,descrittori,false,Reporting broken items, requesting help or repair.
26162,lungo,lungo,DESCRIPTOR,it,descrittori,false,Basic length descriptor, everyday comparisons.
26002,corto,corto,DESCRIPTOR,it,descrittori,false,Opposite of lungo, basic length concept.
2627,uno,uno,DESCRIPTOR,it,numeri-colori,false,Counting, quantity requests; first number learned.
2628,due,due,DESCRIPTOR,it,numeri-colori,false,Daily counting and quantity requests.
2629,tre,tre,DESCRIPTOR,it,numeri-colori,false,Daily counting and quantity requests.
2630,quattro,quattro,DESCRIPTOR,it,numeri-colori,false,Daily counting and quantity requests.
2631,cinque,cinque,DESCRIPTOR,it,numeri-colori,false,Daily counting; one hand of fingers.
2632,sei,sei,DESCRIPTOR,it,numeri-colori,false,Completes 1-10 counting sequence.
2633,sette,sette,DESCRIPTOR,it,numeri-colori,false,Completes 1-10 counting sequence.
2634,otto,otto,DESCRIPTOR,it,numeri-colori,false,Completes 1-10 counting sequence.
2635,nove,nove,DESCRIPTOR,it,numeri-colori,false,Completes 1-10 counting sequence.
29254,dieci,dieci,DESCRIPTOR,it,numeri-colori,false,Completes 1-10; matches numeral series style.
2808,rosso,rosso,DESCRIPTOR,it,numeri-colori,false,Basic color for describing and choosing objects.
4869,blu,blu,DESCRIPTOR,it,numeri-colori,false,Basic color; only pictogram carrying keyword blu.
2648,giallo,giallo,DESCRIPTOR,it,numeri-colori,false,Basic color for describing and choosing objects.
4887,verde,verde,DESCRIPTOR,it,numeri-colori,false,Basic color; ARASAAC core-vocabulary-tagged variant chosen.
2886,nero,nero,DESCRIPTOR,it,numeri-colori,false,Basic color for describing and choosing objects.
8043,bianco,bianco,DESCRIPTOR,it,numeri-colori,false,Basic color; core-vocabulary-tagged variant over 2662.
2888,arancione,arancione,DESCRIPTOR,it,numeri-colori,false,Basic color for describing and choosing objects.
2807,rosa,rosa,DESCRIPTOR,it,numeri-colori,false,Color swatch chosen, avoids flower pictogram 3151.
2907,viola,viola,DESCRIPTOR,it,numeri-colori,false,Color adjective chosen, avoids instrument pictogram 17332.
2923,marrone,marrone,DESCRIPTOR,it,numeri-colori,false,Basic color for describing and choosing objects.
7075,colore,colore,NOUN,it,numeri-colori,false,Category anchor; supports asking what color.
2879,numero,numero,NOUN,it,numeri-colori,false,Category anchor; supports asking how many.
7764,dove,dove,SOCIAL,it,sociale,true,Interrogativa di luogo, usata tutto il giorno (t4→SOCIAL)
22620,che cosa,che cosa,SOCIAL,it,sociale,true,Chiedere/chiarire; evitato 11318 'cosa'=oggetto (t6→SOCIAL)
9853,chi,chi,SOCIAL,it,sociale,false,Chiedere di persone che arrivano/partono (t6→SOCIAL)
22621,quando,quando,SOCIAL,it,sociale,false,Domanda temporale; riduce ansia da routine (t4→SOCIAL)
11348,perché,perché,SOCIAL,it,sociale,false,Protesta e riparazione della comprensione per afasia (t6→SOCIAL)
12313,come,come,SOCIAL,it,sociale,false,Completa il set delle parole-domanda (t4→SOCIAL)
5382,qui,qui,DESCRIPTOR,it,descrittori,false,Deittico ad altissima frequenza; supporta richieste indicative
5375,là,là,DESCRIPTOR,it,descrittori,false,Deittico, coppia con qui: 'vai là / metti là'
3082,scuola,scuola,NOUN,it,luoghi-trasporti,false,Luogo quotidiano principale del bambino
2296,caffè,caffè,NOUN,it,cibo,false,Abitudine quotidiana adulti; bilancia lista troppo infantile
5525,non,non,DESCRIPTOR,it,sociale,true,Negazione ('non voglio'); gesto di diniego, distinto da 5526
6632,I,I,MISC,en,persone,true,subject pronoun io
6625,you,you,MISC,en,persone,true,tu -> you (keep both rows)
6480,he,he,MISC,en,persone,true,lui -> he
7028,she,she,MISC,en,persone,true,lei -> she
7183,we,we,MISC,en,persone,true,noi -> we
7032,they,they,MISC,en,persone,true,loro -> they
2458,mum,mum,NOUN,en,persone,false,mamma; British form
2497,father,father,NOUN,en,persone,false,only keyword available
2243,grandmother,grandmother,NOUN,en,persone,false,nonna
2244,grandfather,grandfather,NOUN,en,persone,false,nonno
2423,brother,brother,NOUN,en,persone,false,fratello
2422,sister,sister,NOUN,en,persone,false,sorella
30255,uncle,uncle,NOUN,en,persone,false,zio
30271,aunt,aunt,NOUN,en,persone,false,zia
30340,cousin,cousin,NOUN,en,persone,false,cugino
2392,family,family,NOUN,en,persone,false,famiglia
2485,boy,boy,NOUN,en,persone,false,bambino; pairs with girl
2484,girl,girl,NOUN,en,persone,false,bambina
2275,baby,baby,NOUN,en,persone,false,neonato
8487,friend,friend,NOUN,en,persone,false,amico
2456,teacher,teacher,NOUN,en,persone,false,maestra
2467,doctor,doctor,NOUN,en,persone,false,dottore
2375,nurse,nurse,NOUN,en,persone,false,infermiera
2454,speech therapist,speech therapist,NOUN,en,persone,false,logopedista
4665,man,man,NOUN,en,persone,false,uomo
4703,woman,woman,NOUN,en,persone,false,donna
5441,want,want,VERB,en,azioni,true,volere -> want
35949,can,can,VERB,en,azioni,true,modal can; only periphrastic keyword
15523,must,must,VERB,en,azioni,true,modal must; no verb keyword; kept first
5465,be,be,VERB,en,azioni,true,essere -> be
7271,have,have,VERB,en,azioni,true,avere -> have
11749,make,make,VERB,en,azioni,true,fare -> make (per rule)
8142,go,go,VERB,en,azioni,true,andare
11708,come,come,VERB,en,azioni,false,venire
6456,eat,eat,VERB,en,azioni,true,mangiare
6061,drink,drink,VERB,en,azioni,true,bere
6479,sleep,sleep,VERB,en,azioni,false,dormire
6537,play,play,VERB,en,azioni,true,giocare
16907,watch,watch,VERB,en,azioni,true,guardare
2381,listen,listen,VERB,en,azioni,false,ascoltare -> listen
6517,talk,talk,VERB,en,azioni,false,parlare
28431,give,give,VERB,en,azioni,true,dare
6453,take,take,VERB,en,azioni,false,prendere
6989,put,put,VERB,en,azioni,false,mettere
24825,open,open,VERB,en,azioni,false,aprire
24976,close,close,VERB,en,azioni,false,chiudere
34826,wash,wash,VERB,en,azioni,false,lavare
2781,dress,dress,VERB,en,azioni,false,vestirsi; base form
32648,help,help,VERB,en,azioni,true,aiutare
5358,finish,finish,VERB,en,azioni,true,finire
16697,wait,wait,VERB,en,azioni,false,aspettare
6457,buy,buy,VERB,en,azioni,false,comprare
7141,read,read,VERB,en,azioni,false,leggere
2380,write,write,VERB,en,azioni,false,scrivere
8088,draw,draw,VERB,en,azioni,false,disegnare
6960,sing,sing,VERB,en,azioni,false,cantare
6044,walk,walk,VERB,en,azioni,false,camminare
6465,run,run,VERB,en,azioni,false,correre
6611,sit,sit,VERB,en,azioni,false,sedersi
6548,stand up,stand up,VERB,en,azioni,false,alzarsi
6898,love,love,VERB,en,azioni,false,amare
37826,like,like,VERB,en,azioni,true,piacere -> like
30194,feel,feel,VERB,en,azioni,false,sentire
6564,see,see,VERB,en,azioni,false,vedere
6019,realise,realise,VERB,en,azioni,false,capire; no 'understand' keyword; realise closest
16885,know,know,VERB,en,azioni,false,sapere
9693,say,say,VERB,en,azioni,false,dire
9847,ask,ask,VERB,en,azioni,false,chiedere
9031,answer,answer,VERB,en,azioni,false,rispondere
6947,search,search,VERB,en,azioni,false,cercare
24742,find,find,VERB,en,azioni,false,trovare
6553,carry,carry,VERB,en,azioni,false,portare; distinct from take
39414,hold,hold,VERB,en,azioni,false,tenere
6215,let go,let go,VERB,en,azioni,false,lasciare
6607,jump,jump,VERB,en,azioni,false,saltare
6052,dance,dance,VERB,en,azioni,false,ballare
6568,swim,swim,VERB,en,azioni,false,nuotare
2795,go upstairs,go upstairs,VERB,en,azioni,false,salire
2654,go down the stairs,go down the stairs,VERB,en,azioni,false,scendere; only keyword
2742,enter,enter,VERB,en,azioni,false,entrare
2806,go out,go out,VERB,en,azioni,false,uscire
5431,start,start,VERB,en,azioni,false,cominciare
7196,stop,stop,VERB,en,azioni,false,fermare
8555,turn on the TV,turn on the TV,VERB,en,azioni,false,accendere; child-relatable variant
20093,turn off the TV,turn off the TV,VERB,en,azioni,false,spegnere; parallels turn on
6604,break,break,VERB,en,azioni,false,rompere
3351,clean,clean,VERB,en,azioni,false,pulire
2342,cook,cook,VERB,en,azioni,false,cucinare
2547,cut out,cut out,VERB,en,azioni,false,tagliare; no bare 'cut'
3293,touch,touch,VERB,en,azioni,false,toccare
6062,kiss,kiss,VERB,en,azioni,false,baciare
6023,hug,hug,VERB,en,azioni,false,abbracciare
7147,cry,cry,VERB,en,azioni,false,piangere
13354,laugh,laugh,VERB,en,azioni,false,ridere
6552,shout,shout,VERB,en,azioni,false,gridare
37369,remember,remember,VERB,en,azioni,false,ricordare
26258,forget,forget,VERB,en,azioni,false,dimenticare
8029,learn,learn,VERB,en,azioni,false,imparare
6495,study,study,VERB,en,azioni,false,studiare
6624,work,work,VERB,en,azioni,false,lavorare
16643,rest,rest,VERB,en,azioni,false,riposare
8989,wake up,wake up,VERB,en,azioni,false,svegliarsi
4691,phone,phone,VERB,en,azioni,false,telefonare
9014,pay,pay,VERB,en,azioni,false,pagare
8661,think,think,VERB,en,azioni,false,pensare
6067,fall,fall,VERB,en,azioni,false,cadere
16713,pee,pee,VERB,en,azioni,false,fare pipì; child term
3428,ca-ca,ca-ca,VERB,en,azioni,false,fare la cacca; child term; avoid vulgar
2326,brush teeth,brush teeth,VERB,en,azioni,false,lavare i denti
32464,water,water,NOUN,en,cibo,true,acqua
2445,milk,milk,NOUN,en,cibo,true,latte
11461,juice,juice,NOUN,en,cibo,false,succo
2429,infusion,infusion,NOUN,en,cibo,false,tè; no 'tea' keyword; only infusion
2494,bread,bread,NOUN,en,cibo,true,pane
8652,pasta,pasta,NOUN,en,cibo,true,pasta
2527,pizza,pizza,NOUN,en,cibo,false,pizza
39387,rice,rice,NOUN,en,cibo,false,riso
2281,sandwich,sandwich,NOUN,en,cibo,false,panino
2316,meat,meat,NOUN,en,cibo,false,carne
4952,chicken,chicken,NOUN,en,cibo,false,pollo
6502,fish,fish,NOUN,en,cibo,false,pesce
2963,ham,ham,NOUN,en,cibo,false,prosciutto
2427,egg,egg,NOUN,en,cibo,false,uovo
2541,cheese,cheese,NOUN,en,cibo,false,formaggio
2618,yogurt,yogurt,NOUN,en,cibo,false,yogurt
2573,soup,soup,NOUN,en,cibo,false,minestra
2377,salad,salad,NOUN,en,cibo,false,insalata
5400,chips,chips,NOUN,en,cibo,false,patatine fritte; British chips
8295,sponge cake,sponge cake,NOUN,en,cibo,true,biscotto; no biscuit/cookie keyword
2502,cake,cake,NOUN,en,cibo,false,torta
35209,ice-cream,ice-cream,NOUN,en,cibo,false,gelato; singular
25940,chocolate,chocolate,NOUN,en,cibo,false,cioccolato
2686,sweet,sweet,NOUN,en,cibo,false,caramella; British sweet
2470,jam,jam,NOUN,en,cibo,false,marmellata
2461,butter,butter,NOUN,en,cibo,false,burro
2328,cereal,cereals,NOUN,en,cibo,false,cereali; only plural keyword
28339,fruit,fruit,NOUN,en,cibo,true,frutta
2462,apple,apple,NOUN,en,cibo,false,mela
2530,banana,banana,NOUN,en,cibo,false,banana
2483,orange,orange,NOUN,en,cibo,false,arancia; fruit
2400,strawberry,strawberry,NOUN,en,cibo,false,fragola
2561,pear,pear,NOUN,en,cibo,false,pera
3247,grape,grapes,NOUN,en,cibo,false,uva; only plural keyword
8303,cherry,cherry,NOUN,en,cibo,false,ciliegia
2557,watermelon,watermelon,NOUN,en,cibo,false,anguria
2468,peach,peach,NOUN,en,cibo,false,pesca
28343,vegetable,vegetables,NOUN,en,cibo,false,verdura; only plural keyword
2594,tomato,tomato,NOUN,en,cibo,false,pomodoro
2503,potato,potato,NOUN,en,cibo,false,patata
2619,carrot,carrot,NOUN,en,cibo,false,carota
25560,sugar,sugar,NOUN,en,cibo,false,zucchero
25576,salt,salt,NOUN,en,cibo,false,sale
2246,oil,oil,NOUN,en,cibo,false,olio
4626,breakfast,breakfast,NOUN,en,cibo,false,colazione
4611,lunch,lunch,NOUN,en,cibo,false,pranzo
4592,dinner,dinner,NOUN,en,cibo,false,cena
4694,snack,snack,NOUN,en,cibo,true,merenda
35559,hunger,hunger,NOUN,en,cibo,true,fame
4963,thirsty,thirsty,NOUN,en,cibo,true,sete; only 'thirsty' keyword
6964,house,house,NOUN,en,casa-oggetti,true,casa
25900,bed,bed,NOUN,en,casa-oggetti,true,letto
5921,toilet,toilet,NOUN,en,casa-oggetti,true,bagno; functional AAC term
25498,television,television,NOUN,en,casa-oggetti,true,televisione
9813,toy,toy,NOUN,en,casa-oggetti,true,giocattolo; singular
24801,shoe,shoes,NOUN,en,casa-oggetti,true,scarpe; only plural keyword
3129,table,table,NOUN,en,casa-oggetti,false,tavolo
3155,chair,chair,NOUN,en,casa-oggetti,false,sedia
3244,door,door,NOUN,en,casa-oggetti,false,porta
2611,window,window,NOUN,en,casa-oggetti,false,finestra
33070,kitchen,kitchen,NOUN,en,casa-oggetti,false,cucina
28099,tablet,tablet,NOUN,en,casa-oggetti,false,tablet
25191,book,book,NOUN,en,casa-oggetti,false,libro
2282,ball-point pen,ball-point pen,NOUN,en,casa-oggetti,false,penna; no bare 'pen'
2475,backpack,backpack,NOUN,en,casa-oggetti,false,zaino
3241,ball,ball,NOUN,en,casa-oggetti,false,palla
2610,glass,glass,NOUN,en,casa-oggetti,false,bicchiere
2532,plate,plate,NOUN,en,casa-oggetti,false,piatto
2362,spoon,spoon,NOUN,en,casa-oggetti,false,cucchiaio
2588,fork,fork,NOUN,en,casa-oggetti,false,forchetta
4931,knife,knife,NOUN,en,casa-oggetti,false,coltello
8094,soap,soap,NOUN,en,casa-oggetti,false,sapone
2593,towel,towel,NOUN,en,casa-oggetti,false,asciugamano
2694,toothbrush,toothbrush,NOUN,en,casa-oggetti,false,spazzolino
2858,toothpaste,toothpaste,NOUN,en,casa-oggetti,false,dentifricio
2862,toilet paper,toilet paper,NOUN,en,casa-oggetti,false,carta igienica
17284,handkerchief,handkerchief,NOUN,en,casa-oggetti,false,fazzoletto
2522,pyjama,pyjama,NOUN,en,casa-oggetti,false,pigiama; British
3296,jacket,jacket,NOUN,en,casa-oggetti,false,giacca
3329,glasses,glasses,NOUN,en,casa-oggetti,false,occhiali; inherently plural
2451,key,keys,NOUN,en,casa-oggetti,false,chiavi; only plural keyword
8619,light,light,NOUN,en,casa-oggetti,false,luce
25479,sofa,sofa,NOUN,en,casa-oggetti,false,divano
2250,pillow,pillow,NOUN,en,casa-oggetti,false,cuscino
2459,blanket,blanket,NOUN,en,casa-oggetti,false,coperta
8573,mirror,mirror,NOUN,en,casa-oggetti,false,specchio
2370,shower,shower,NOUN,en,casa-oggetti,false,doccia
3272,fridge,fridge,NOUN,en,casa-oggetti,false,frigorifero
2673,head,head,NOUN,en,corpo-salute,false,testa
2876,eye,eyes,NOUN,en,corpo-salute,false,occhio; only plural keyword
2871,ear,ear,NOUN,en,corpo-salute,false,orecchio
2887,nose,nose,NOUN,en,corpo-salute,false,naso
2663,mouth,mouth,NOUN,en,corpo-salute,false,bocca
10267,tooth,tooth,NOUN,en,corpo-salute,false,dente; singular
2944,tongue,tongue,NOUN,en,corpo-salute,false,lingua
2727,neck,neck,NOUN,en,corpo-salute,false,collo
2851,hair,hair,NOUN,en,corpo-salute,false,capelli
2928,hand,hand,NOUN,en,corpo-salute,false,mano
2669,arm,arm,NOUN,en,corpo-salute,false,braccio
8666,leg,leg,NOUN,en,corpo-salute,false,gamba
25327,foot,foot,NOUN,en,corpo-salute,false,piede; singular
2786,tummy,tummy,NOUN,en,corpo-salute,false,pancia; child term
2748,back,back,NOUN,en,corpo-salute,false,schiena
5504,bad,bad,DESCRIPTOR,en,corpo-salute,true,male; feeling bad; only keyword
2367,pain,pain,NOUN,en,corpo-salute,false,dolore
28651,headache,headache,NOUN,en,corpo-salute,false,mal di testa
39664,stomach ache,stomach ache,NOUN,en,corpo-salute,false,mal di pancia
32530,fever,fever,NOUN,en,corpo-salute,true,febbre
35585,cough,cough,NOUN,en,corpo-salute,false,tosse
32296,sick,sick,DESCRIPTOR,en,corpo-salute,true,malato
8163,medicine,medicine,NOUN,en,corpo-salute,true,medicina; singular
3306,sticking plaster,sticking plaster,NOUN,en,corpo-salute,false,cerotto; British plaster
32051,thermometer,thermometer,NOUN,en,corpo-salute,false,termometro
2777,vomit,vomit,VERB,en,corpo-salute,false,vomitare
35533,happy,happy,DESCRIPTOR,en,emozioni,true,felice
35545,sad,sad,DESCRIPTOR,en,emozioni,true,triste
35539,angry,angry,DESCRIPTOR,en,emozioni,true,arrabbiato
35537,tired,tired,DESCRIPTOR,en,emozioni,true,stanco
35535,scared,scared,DESCRIPTOR,en,emozioni,false,spaventato
35531,bored,bored,DESCRIPTOR,en,emozioni,false,annoiato
35529,surprised,surprised,DESCRIPTOR,en,emozioni,false,sorpreso
35547,content,content,DESCRIPTOR,en,emozioni,false,contento; distinct from happy
35541,confused,confused,DESCRIPTOR,en,emozioni,false,confuso
31310,calm,calm,DESCRIPTOR,en,emozioni,false,tranquillo
38930,nervous,nervous,DESCRIPTOR,en,emozioni,false,nervoso
36341,worried,worried,DESCRIPTOR,en,emozioni,false,preoccupato
5397,well,well,DESCRIPTOR,en,emozioni,false,bene
35571,fright,fright,NOUN,en,emozioni,false,paura; only 'fright' keyword
6945,bubble,bubbles,NOUN,en,scuola-gioco,false,bolle; only plural keyword
4935,block,blocks,NOUN,en,scuola-gioco,false,costruzioni; building blocks
2540,puzzle,puzzle,NOUN,en,scuola-gioco,false,puzzle
26238,doll,doll,NOUN,en,scuola-gioco,false,bambola
2340,toy car,toy car,NOUN,en,scuola-gioco,false,macchinina
4608,swing,swing,NOUN,en,scuola-gioco,false,altalena
2859,playground,playground,NOUN,en,scuola-gioco,true,parco
6935,bike,bike,NOUN,en,scuola-gioco,false,bicicletta
2359,notebook,notebook,NOUN,en,scuola-gioco,false,quaderno
2440,pencil,pencil,NOUN,en,scuola-gioco,false,matita
17016,crayon,crayons,NOUN,en,scuola-gioco,false,pastelli; only plural keyword
6664,scissors,scissors,NOUN,en,scuola-gioco,false,forbici; inherently plural
2709,glue,glue,NOUN,en,scuola-gioco,false,colla
2348,colour,colour,VERB,en,scuola-gioco,false,colorare; British spelling
24791,music,music,NOUN,en,scuola-gioco,true,musica
8089,cartoon,cartoon,NOUN,en,scuola-gioco,true,cartoni animati
24797,film,film,NOUN,en,scuola-gioco,false,film; British
7190,computer,computer,NOUN,en,scuola-gioco,false,computer
7099,party,party,NOUN,en,scuola-gioco,false,festa
25381,present,present,NOUN,en,scuola-gioco,false,regalo
2339,car,car,NOUN,en,luoghi-trasporti,true,macchina
26654,bus,bus,NOUN,en,luoghi-trasporti,true,autobus
3389,supermarket,supermarket,NOUN,en,luoghi-trasporti,true,supermercato
30516,swimming pool,swimming pool,NOUN,en,luoghi-trasporti,true,piscina
35695,shop,shop,NOUN,en,luoghi-trasporti,false,negozio; British
36205,hospital,hospital,NOUN,en,luoghi-trasporti,false,ospedale
3313,pharmacy,pharmacy,NOUN,en,luoghi-trasporti,false,farmacia
3118,church,church,NOUN,en,luoghi-trasporti,false,chiesa
2925,sea,sea,NOUN,en,luoghi-trasporti,false,mare
30518,beach,beach,NOUN,en,luoghi-trasporti,false,spiaggia
2909,mountain,mountain,NOUN,en,luoghi-trasporti,false,montagna
2704,city,city,NOUN,en,luoghi-trasporti,false,città
2302,road,road,NOUN,en,luoghi-trasporti,false,strada
2603,train,train,NOUN,en,luoghi-trasporti,false,treno
2264,aeroplane,aeroplane,NOUN,en,luoghi-trasporti,false,aereo; British
2480,motorbike,motorbike,NOUN,en,luoghi-trasporti,false,moto
6932,boat,boat,NOUN,en,luoghi-trasporti,false,barca
2580,taxi,taxi,NOUN,en,luoghi-trasporti,false,taxi
26925,metro,metro,NOUN,en,luoghi-trasporti,false,metropolitana
29905,train station,train station,NOUN,en,luoghi-trasporti,false,stazione
2499,bus stop,bus stop,NOUN,en,luoghi-trasporti,false,fermata
2567,traffic lights,traffic lights,NOUN,en,luoghi-trasporti,false,semaforo; British
2260,lift,lift,NOUN,en,luoghi-trasporti,false,ascensore; British
2379,stairs,stairs,NOUN,en,luoghi-trasporti,false,scala; inherently plural
32408,restaurant,restaurant,NOUN,en,luoghi-trasporti,false,ristorante
32398,bar,bar,NOUN,en,luoghi-trasporti,false,bar
32747,now,now,DESCRIPTOR,en,tempo-natura,true,adesso
13080,after,after,DESCRIPTOR,en,tempo-natura,true,dopo; pairs with before
32745,before,before,DESCRIPTOR,en,tempo-natura,true,prima
38276,today,today,DESCRIPTOR,en,tempo-natura,true,oggi
38278,tomorrow,tomorrow,DESCRIPTOR,en,tempo-natura,false,domani
38279,yesterday,yesterday,DESCRIPTOR,en,tempo-natura,false,ieri
26799,day,day,NOUN,en,tempo-natura,false,giorno
7181,night,night,NOUN,en,tempo-natura,false,notte
25704,morning,morning,NOUN,en,tempo-natura,false,mattina
26716,hot,hot,DESCRIPTOR,en,tempo-natura,false,caldo
26865,cold,cold,DESCRIPTOR,en,tempo-natura,false,freddo
7252,sun,Sun,NOUN,en,tempo-natura,false,sole; keyword capitalized
3123,rain,rain,NOUN,en,tempo-natura,false,pioggia
3135,snow,snow,NOUN,en,tempo-natura,false,neve
23731,wind,wind,NOUN,en,tempo-natura,false,vento
5604,summer,summer,NOUN,en,tempo-natura,false,estate
5493,winter,winter,NOUN,en,tempo-natura,false,inverno
3057,tree,tree,NOUN,en,tempo-natura,false,albero
7104,flower,flower,NOUN,en,tempo-natura,false,fiore
2517,dog,dog,NOUN,en,tempo-natura,false,cane
7114,cat,cat,NOUN,en,tempo-natura,false,gatto
5584,yes,yes,SOCIAL,en,sociale,true,sì
5526,no,no,SOCIAL,en,sociale,true,no
28429,enough is enough,enough is enough,SOCIAL,en,sociale,true,basta; enough sense
37163,again,again,DESCRIPTOR,en,sociale,true,ancora
5508,more,more,DESCRIPTOR,en,sociale,true,più
6009,hello,hello,SOCIAL,en,sociale,false,ciao
5896,goodbye,goodbye,SOCIAL,en,sociale,false,arrivederci
6944,good morning,good morning,SOCIAL,en,sociale,false,buongiorno
6942,good night,good night,SOCIAL,en,sociale,false,buonanotte
8128,thank you,thank you,SOCIAL,en,sociale,true,grazie
8194,please,please,SOCIAL,en,sociale,true,per favore
11625,sorry,sorry,SOCIAL,en,sociale,false,scusa
29635,pass,pass,SOCIAL,en,sociale,false,va bene; only keyword; weak fit
7180,I don't know,I don't know,SOCIAL,en,sociale,false,non lo so
11597,how are you?,how are you?,SOCIAL,en,sociale,false,come stai
13630,I am fine,I am fine,SOCIAL,en,sociale,false,sto bene
11591,me too,me too!,SOCIAL,en,sociale,false,anche io; keyword has '!'
21917,I like that,I like that,SOCIAL,en,sociale,false,mi piace
37825,I don't like that,I don't like that,SOCIAL,en,sociale,false,non mi piace
6936,welcome,welcome,SOCIAL,en,sociale,false,benvenuto
13018,congratulations,congratulations,SOCIAL,en,sociale,false,auguri
11627,enjoy your meal,enjoy your meal!,SOCIAL,en,sociale,false,buon appetito; keyword has '!'
4658,big,big,DESCRIPTOR,en,descrittori,true,grande
4716,small,small,DESCRIPTOR,en,descrittori,true,piccolo
5521,a lot,a lot,DESCRIPTOR,en,descrittori,true,molto
5546,little,little,DESCRIPTOR,en,descrittori,true,poco; small amount
5596,all,all,DESCRIPTOR,en,descrittori,true,tutto
29839,nothing,nothing,DESCRIPTOR,en,descrittori,true,niente
17054,other,other,DESCRIPTOR,en,descrittori,true,altro
11194,beautiful,beautiful,DESCRIPTOR,en,descrittori,false,bello
26090,ugly,ugly,DESCRIPTOR,en,descrittori,false,brutto
4581,good,good,DESCRIPTOR,en,descrittori,false,buono
11316,new,new,DESCRIPTOR,en,descrittori,false,nuovo
11394,old,old,DESCRIPTOR,en,descrittori,false,vecchio
26459,dirty,dirty,DESCRIPTOR,en,descrittori,false,sporco
36311,closed,closed,DESCRIPTOR,en,descrittori,false,chiuso
37850,fast,fast,DESCRIPTOR,en,descrittori,false,veloce
4676,slow,slow,DESCRIPTOR,en,descrittori,false,lento
25782,tall,tall,DESCRIPTOR,en,descrittori,false,alto
25839,short,short,DESCRIPTOR,en,descrittori,false,basso; short in height
4637,hard,hard,DESCRIPTOR,en,descrittori,false,duro
4578,soft,soft,DESCRIPTOR,en,descrittori,false,morbido
4739,salty,salty,DESCRIPTOR,en,descrittori,false,salato
26176,full,full,DESCRIPTOR,en,descrittori,false,pieno
26527,empty,empty,DESCRIPTOR,en,descrittori,false,vuoto
4667,same,same,DESCRIPTOR,en,descrittori,false,uguale
4628,different,different,DESCRIPTOR,en,descrittori,false,diverso
12264,my,my,DESCRIPTOR,en,descrittori,false,mio; possessive determiner
12281,your,your,DESCRIPTOR,en,descrittori,false,tuo
7095,this,this,DESCRIPTOR,en,descrittori,false,questo
6906,that,that,DESCRIPTOR,en,descrittori,false,quello
25253,wet,wet,DESCRIPTOR,en,descrittori,false,bagnato
4736,broken,broken,DESCRIPTOR,en,descrittori,false,rotto
26162,long,long,DESCRIPTOR,en,descrittori,false,lungo
2627,one,one,DESCRIPTOR,en,numeri-colori,false,uno
2628,two,two,DESCRIPTOR,en,numeri-colori,false,due
2629,three,three,DESCRIPTOR,en,numeri-colori,false,tre
2630,four,four,DESCRIPTOR,en,numeri-colori,false,quattro
2631,five,five,DESCRIPTOR,en,numeri-colori,false,cinque; snapshot keyword has trailing space
2632,six,six,DESCRIPTOR,en,numeri-colori,false,sei
2633,seven,seven,DESCRIPTOR,en,numeri-colori,false,sette
2634,eight,eight,DESCRIPTOR,en,numeri-colori,false,otto
2635,nine,nine,DESCRIPTOR,en,numeri-colori,false,nove
29254,ten,ten,DESCRIPTOR,en,numeri-colori,false,dieci
2808,red,red,DESCRIPTOR,en,numeri-colori,false,rosso
4869,blue,blue,DESCRIPTOR,en,numeri-colori,false,blu
2648,yellow,yellow,DESCRIPTOR,en,numeri-colori,false,giallo
4887,green,green,DESCRIPTOR,en,numeri-colori,false,verde
2886,black,black,DESCRIPTOR,en,numeri-colori,false,nero
8043,white,white,DESCRIPTOR,en,numeri-colori,false,bianco
2807,pink,pink,DESCRIPTOR,en,numeri-colori,false,rosa
2907,purple,purple,DESCRIPTOR,en,numeri-colori,false,viola
2923,brown,brown,DESCRIPTOR,en,numeri-colori,false,marrone
2879,number,number,NOUN,en,numeri-colori,false,numero; singular
7764,where,where,SOCIAL,en,sociale,true,dove
22620,what,what,SOCIAL,en,sociale,true,che cosa
9853,who,who,SOCIAL,en,sociale,false,chi
22621,when,when,SOCIAL,en,sociale,false,quando
11348,because,because,SOCIAL,en,sociale,false,perché; only 'because' keyword
12313,how,how,SOCIAL,en,sociale,false,come
5382,here,here,DESCRIPTOR,en,descrittori,false,qui
5375,there,there,DESCRIPTOR,en,descrittori,false,là
3082,school,school,NOUN,en,luoghi-trasporti,false,scuola
2296,coffee,coffee,NOUN,en,cibo,false,caffè
5525,not,not,MISC,en,sociale,true,non; negation; no 'not' keyword
